2MHR_A	1A7E_A
1AEP_A	1AEP_A
1C8A_A	1C89_A
2DPG_A	1DPG_B
2DPG_A	1E7Y_A
2ACG_A	1F2K_A
2DPG_A	1H9A_A
1JC4_A	1JC4_C
1JC4_A	1JC5_B
1K1F_G	1K1F_A
1LS4_A	1LS4_A
1NH2_B	1NH2_B
1NH2_C	1NH2_C
7O4I_V	1NH2_D
1O0W_B	1O0W_B
1PAV_A	1PAV_A
1PW4_A	1PW4_A
1VYG_A	1VYF_A
2BFG_A	1W91_A
1WP6_A	1W9X_A
1Y08_A	1Y08_A
1YK9_A	1YK9_A
1ZTC_A	1ZTC_A
1ZTC_A	1ZTC_D
6I4U_B	1ZY8_F
1ZY8_K	1ZY8_M
2ACG_A	2ACG_A
2AJ6_A	2AJ6_A
1Y08_A	2AU1_A
2BFG_A	2BS9_D
2CJZ_A	2BV5_A
2CQJ_A	2CQJ_A
2D6Y_B	2D6Y_B
2GFP_B	2GFP_A
1WP6_A	2GJP_A
3U52_A	2INP_A
3U52_C	2INP_D
3U52_E	2INP_F
2INN_L	2INP_L
2MHR_A	2MHR_A
2MIQ_A	2MIQ_A
2N00_A	2N00_A
1AH9_A	2N78_A
2O9X_A	2O9X_A
1VYG_A	2POA_A
2PZ9_A	2PZ9_A
2QZU_A	2QZU_A
2WGB_A	2V57_B
2Y5Y_A	2V8N_B
4FM0_A	2VWK_A
2WGB_A	2WGB_A
2XIG_A	2XIG_A
2XIG_A	2XIG_C
2YPF_A	2YPF_A
3A98_A	3A98_A
3A98_D	3A98_B
3A98_D	3A98_D
3AKZ_B	3AFH_A
3AKZ_B	3AKZ_A
3AL0_A	3AL0_A
3AL0_B	3AL0_B
3AL0_C	3AL0_C
5TT2_C	3COG_D
3CTL_A	3CT7_B
3CTL_A	3CTL_B
3HJA_A	3HJA_A
2VGN_B	3J16_A
3J6B_0	3J6B_0
5MRC_1	3J6B_1
3J6B_2	3J6B_2
3J6B_3	3J6B_3
5MRF_4	3J6B_4
3J6B_5	3J6B_5
5MRF_6	3J6B_6
3J6B_7	3J6B_7
5MRF_8	3J6B_8
3J6B_9	3J6B_9
5MRF_a	3J6B_a
5MRF_b	3J6B_b
5MRF_B	3J6B_B
5MRF_c	3J6B_c
5MRF_C	3J6B_C
5MRF_d	3J6B_d
3J6B_D	3J6B_D
5MRF_E	3J6B_E
5MRF_F	3J6B_F
3J6B_G	3J6B_G
5MRF_H	3J6B_H
5MRF_I	3J6B_I
3J6B_J	3J6B_J
3J6B_K	3J6B_K
5MRE_L	3J6B_L
3J6B_M	3J6B_M
3J6B_N	3J6B_N
3J6B_O	3J6B_O
3J6B_P	3J6B_P
5MRE_Q	3J6B_Q
5MRE_R	3J6B_R
3J6B_S	3J6B_S
3J6B_T	3J6B_T
5MRC_U	3J6B_U
5MRC_V	3J6B_V
3J6B_W	3J6B_W
5MRC_X	3J6B_X
3J6B_Y	3J6B_Y
3J6B_Z	3J6B_Z
6J3Y_f	3JCU_F
5XNM_H	3JCU_H
6J3Y_J	3JCU_j
5XNM_K	3JCU_k
3JCU_M	3JCU_m
3JCU_o	3JCU_o
3JCU_p	3JCU_P
3JCU_q	3JCU_q
3JCU_R	3JCU_r
3JCU_s	3JCU_s
5XNM_U	3JCU_u
3JCU_w	3JCU_w
3JCU_x	3JCU_X
5XNM_Z	3JCU_z
3O7P_A	3O7P_A
3O7P_A	3O7Q_A
3RNM_F	3RNM_E
6YRE_B	3S1X_A
3U52_A	3U52_A
3U52_C	3U52_D
3U52_E	3U52_E
3ULP_A	3ULP_C
3ULP_A	3ULP_D
3V6P_A	3V6P_A
6JW2_A	3V6T_A
3WDO_A	3WDO_A
3ZF8_A	3ZF8_A
4CV5_C	4CV5_A
4CV5_D	4CV5_B
4CV5_D	4CV5_D
4EGY_B	4EGZ_B
6N3I_A	4GBZ_A
6N3I_A	4GC0_A
4H6I_A	4H6H_D
4IKZ_A	4IKV_A
4IKZ_A	4IKY_A
4IUY_A	4IUY_A
4IUY_A	4IUY_C
4LDS_B	4LDS_A
4LGV_A	4LGV_C
6K73_B	4NCD_A
4NPS_A	4NPS_A
4OMZ_A	4OMY_B
4OMZ_A	4OMZ_C
4OMZ_A	4OMZ_D
4OZS_A	4OZS_A
4Q65_A	4Q65_A
4QBO_A	4QBO_A
4R80_B	4R80_B
6JI1_A	4TPG_A
6JI1_A	4TPH_A
4V8T_h	4U3U_O5
6AZ3_m	4U3U_q0
3J78_P0	4U4R_p0
5DGV_sM	4U4R_SM
5T62_y	4U4Y_O9
6N8O_x	4U55_O8
6GSM_i	4UER_0
6ZU9_q	4UER_c
4UER_F	4UER_F
4V7R_AJ	4UER_I
5JUT_AC	4UER_N
4UER_V	4UER_V
6UZ7_e	4UER_X
4UUU_B	4UUU_A
4UUU_B	4UUU_B
4UVM_A	4UVM_A
4UXV_A	4UXV_A
6UZ7_A	4V6I_AA
6UZ7_C	4V6I_AE
3J78_P0	4V6I_Bs
4V6I_Bt	4V6I_Bt
4V6I_Bw	4V6I_Bv
6XIQ_r	4V88_AB
6UZ7_C	4V88_AC
7R81_g2	4V88_Af
5DGV_sM	4V88_Ah
4V8P_AK	4V88_Bm
5JUU_Z	4V88_BU
7RR5_LW	4V88_BW
7RR5_LX	4V88_BX
6SV4_e	4V88_Ca
6UZ7_A	4V88_CA
7R81_g2	4V88_Cf
6FYY_Z	4V88_CZ
3J78_P0	4V88_Dq
5T2A_5	4V8M_A5
6AZ1_D	4V8M_A6
7ASE_p	4V8M_A7
4V8M_AC	4V8M_AC
7ASE_N	4V8M_AD
5OPT_X	4V8M_AE
5T2A_AI	4V8M_AI
5T2A_AK	4V8M_AK
5T2A_AL	4V8M_AL
5T2A_AM	4V8M_AM
7ASE_O	4V8M_AO
4V8M_AQ	4V8M_AQ
4V8M_AR	4V8M_AR
4V8M_AT	4V8M_AT
7ASE_a	4V8M_AU
4V8M_AZ	4V8M_AZ
4V8M_Bc	4V8M_Bc
3JCS_d	4V8M_Bg
5T2A_f	4V8M_Bh
4V8M_Bj	4V8M_Bj
4V8M_BJ	4V8M_BJ
4V8M_BM	4V8M_BM
5T2A_N	4V8M_BP
6AZ3_O	4V8M_Bu
5T2A_t	4V8M_Bv
3JCS_c	4V8M_Bw
4V8M_Bx	4V8M_Bx
4V8M_BX	4V8M_BX
5T2A_W	4V8M_BY
4V8M_BZ	4V8M_BZ
5IT7_e	4V92_Be
4V92_Bf	4V92_Bf
7Q0M_A	4W6V_A
6T0R_C	4WSB_C
4YBQ_A	4YB9_D
4YBQ_F	4YBQ_D
4YBQ_F	4YBQ_F
6J40_E	4YUU_E1
6J3Y_f	4YUU_F1
6J3Y_H	4YUU_h2
4YUU_J1	4YUU_J1
4YUU_J1	4YUU_J2
6YP7_k	4YUU_K1
4YUU_M1	4YUU_M1
4YUU_O1	4YUU_o2
4YUU_O1	4YUU_O2
4YUU_Q2	4YUU_Q2
4YUU_S1	4YUU_s2
4YUU_S1	4YUU_S2
7OUI_T	4YUU_t2
4YUU_U1	4YUU_u1
4YUU_U1	4YUU_U2
4YUU_V1	4YUU_V1
4YUU_X1	4YUU_x1
4YUU_X1	4YUU_X1
4YUU_Y1	4YUU_y2
4YUU_z2	4YUU_z2
6OOP_A	4ZP0_A
4ZTX_A	4ZTY_A
4ZWC_A	4ZW9_A
5ABB_Z	5ABB_Z
6D24_A	5AQ1_B
5AYM_A	5AYN_A
5AYM_A	5AYO_A
4ZWC_A	5C65_A
6VFI_A	5CWB_A
4EGY_B	5D4S_B
5GAK_q	5DAT_f
4V6I_Bt	5DGE_p2
6WDR_L	5DGF_C1
5DGV_sM	5DGV_SM
5DOV_A	5DOV_A
5DOV_A	5DOZ_B
5DP2_A	5DP2_A
5E3E_B	5E3E_B
5EQG_A	5EQG_A
5FCJ_SM	5FCJ_SM
5FCM_A	5FCM_C
5FCM_A	5FCM_D
5FGW_A	5FGW_A
5FGW_A	5FGW_B
5GW0_D	5GW0_B
5GW0_D	5GW1_C
5GW0_D	5GW1_F
5IV5_C	5HX2_A
1N8B_C	5HX2_B
5IV7_A	5HX2_E
5IV7_P	5HX2_F
2FL9_H	5HX2_I
6XIR_c	5I4L_o0
5I4L_sM	5I4L_sM
5IV7_A	5IV5_A
5IV5_EH	5IV5_AA
5IV5_EH	5IV5_AB
2FL9_H	5IV5_AC
2FL9_H	5IV5_AD
2FL9_H	5IV5_AE
5IV5_CJ	5IV5_AF
5IV5_CJ	5IV5_AG
5IV5_CJ	5IV5_AH
5IV5_O	5IV5_AI
5IV5_O	5IV5_AJ
5IV7_A	5IV5_B
5IV5_O	5IV5_BA
5IV5_DE	5IV5_BB
5IV5_DE	5IV5_BC
5IV7_O	5IV5_BD
5IV5_U	5IV5_BE
5IV7_P	5IV5_BF
5IV5_W	5IV5_BG
5IV7_A	5IV5_BH
5IV7_A	5IV5_BI
5IV5_C	5IV5_BJ
5IV5_C	5IV5_C
1N8B_C	5IV5_CA
1N8B_C	5IV5_CB
5IV5_EH	5IV5_CC
5IV5_EH	5IV5_CD
5IV5_EH	5IV5_CE
2FL9_H	5IV5_CF
2FL9_H	5IV5_CG
2FL9_H	5IV5_CH
5IV5_CJ	5IV5_CI
5IV5_CJ	5IV5_CJ
1N8B_C	5IV5_D
5IV5_CJ	5IV5_DA
5IV5_O	5IV5_DB
5IV5_O	5IV5_DC
5IV5_O	5IV5_DD
5IV5_DE	5IV5_DE
5IV5_DE	5IV5_DF
5IV7_O	5IV5_DG
5IV5_U	5IV5_DH
5IV7_P	5IV5_DI
5IV5_W	5IV5_DJ
1N8B_C	5IV5_E
5IV7_A	5IV5_EA
5IV7_A	5IV5_EB
5IV5_C	5IV5_EC
1N8B_C	5IV5_ED
1N8B_C	5IV5_EE
5IV5_EH	5IV5_EF
5IV5_EH	5IV5_EG
5IV5_EH	5IV5_EH
2FL9_H	5IV5_EI
2FL9_H	5IV5_EJ
5IV5_EH	5IV5_F
2FL9_H	5IV5_FA
5IV5_CJ	5IV5_FB
5IV5_CJ	5IV5_FC
5IV5_CJ	5IV5_FD
5IV5_O	5IV5_FE
5IV5_O	5IV5_FF
5IV5_O	5IV5_FG
5IV5_DE	5IV5_FH
5IV5_DE	5IV5_FI
5IV7_O	5IV5_FJ
5IV5_EH	5IV5_G
5IV5_U	5IV5_GA
5IV7_P	5IV5_GB
5IV5_W	5IV5_GC
5IV7_A	5IV5_GD
5IV7_A	5IV5_GE
5IV5_C	5IV5_GF
1N8B_C	5IV5_GG
1N8B_C	5IV5_GH
5IV5_EH	5IV5_GI
5IV5_EH	5IV5_GJ
5IV5_EH	5IV5_H
5IV5_EH	5IV5_HA
2FL9_H	5IV5_HB
2FL9_H	5IV5_HC
2FL9_H	5IV5_HD
5IV5_CJ	5IV5_HE
5IV5_CJ	5IV5_HF
5IV5_CJ	5IV5_HG
5IV5_O	5IV5_HH
5IV5_O	5IV5_HI
5IV5_O	5IV5_HJ
2FL9_H	5IV5_I
5IV5_DE	5IV5_IA
5IV5_DE	5IV5_IB
5IV7_O	5IV5_IC
5IV5_U	5IV5_ID
5IV7_P	5IV5_IE
5IV5_W	5IV5_IF
2FL9_H	5IV5_J
2FL9_H	5IV5_K
5IV5_CJ	5IV5_L
5IV5_CJ	5IV5_M
5IV5_CJ	5IV5_N
5IV5_O	5IV5_O
5IV5_O	5IV5_P
5IV5_O	5IV5_Q
5IV5_DE	5IV5_R
5IV5_DE	5IV5_S
5IV7_O	5IV5_T
5IV5_U	5IV5_U
5IV7_P	5IV5_V
5IV5_W	5IV5_W
5IV7_A	5IV5_X
5IV7_A	5IV5_Y
1WTH_A	5IV5_YA
1WTH_A	5IV5_YB
1WTH_A	5IV5_YC
5IV5_YD	5IV5_YD
5IV5_YD	5IV5_YE
5IV5_YD	5IV5_YF
5IV5_C	5IV5_Z
4KU0_D	5IV5_ZA
5IV5_CJ	5IV7_BB
5IV7_O	5IV7_GA
5JVU_B	5JVS_A
5K8K_A	5K8K_A
5K8P_A	5K8P_C
5K8P_A	5K8P_F
6ZU9_k	5LL6_h
6GSM_M	5LYB_c2
5TBW_i	5LYB_SM
3IZQ_1	5M1J_A6
7NJ5_A	5M3H_A
6T0R_B	5M3H_B
6T0R_C	5M3H_C
5MC6_h	5MC6_h
4BUJ_B	5MC6_i
4BUJ_C	5MC6_j
7OUI_4	5MDX_8
5MDX_x	5MDX_x
7OLD_Lg	5MEI_AH
5FCJ_SM	5MEI_i
4V3P_SL	5MEI_Y
5MRC_0	5MRC_0
5MRF_11	5MRC_11
5MRF_2	5MRC_2
5MRF_22	5MRC_22
5MRF_3	5MRC_3
5MRF_33	5MRC_33
5MRF_44	5MRC_44
5MRF_5	5MRC_5
5MRF_55	5MRC_55
5MRF_6	5MRC_6
5MRF_66	5MRC_66
5MRF_7	5MRC_7
5MRF_77	5MRC_77
5MRF_8	5MRC_8
5MRF_88	5MRC_88
5MRF_9	5MRC_9
5MRF_AA	5MRC_AA
5MRF_b	5MRC_b
5MRF_BB	5MRC_BB
5MRE_CC	5MRC_CC
5MRF_D	5MRC_D
5MRE_DD	5MRC_DD
5MRE_EE	5MRC_EE
5MRF_F	5MRC_F
5MRE_FF	5MRC_FF
5MRF_G	5MRC_G
5MRE_GG	5MRC_GG
5MRF_H	5MRC_H
5MRE_HH	5MRC_HH
5MRE_II	5MRC_II
5MRF_J	5MRC_J
5MRE_JJ	5MRC_JJ
5MRE_K	5MRC_K
5MRE_KK	5MRC_KK
5MRE_L	5MRC_L
5MRC_LL	5MRC_LL
5MRE_M	5MRC_M
5MRC_MM	5MRC_MM
5MRE_N	5MRC_N
5MRC_NN	5MRC_NN
5MRE_O	5MRC_O
5MRC_OO	5MRC_OO
5MRE_P	5MRC_P
5MRC_PP	5MRC_PP
5MRC_QQ	5MRC_QQ
5MRE_R	5MRC_R
5MRC_RR	5MRC_RR
5MRE_S	5MRC_S
5MRC_SS	5MRC_SS
5MRC_T	5MRC_T
5MRC_TT	5MRC_TT
5MRF_UU	5MRC_UU
5MRC_V	5MRC_V
5MRF_VV	5MRC_VV
5MRC_W	5MRC_W
5MRF_WW	5MRC_WW
5MRF_XX	5MRC_XX
5MRC_Y	5MRC_Y
5MRF_YY	5MRC_YY
5MRC_Z	5MRC_Z
5MRF_ZZ	5MRC_ZZ
5MRC_0	5MRE_0
5MRF_2	5MRE_2
5MRF_3	5MRE_3
5MRF_4	5MRE_4
5MRF_5	5MRE_5
5MRF_77	5MRE_77
5MRF_88	5MRE_88
5MRF_a	5MRE_a
5MRF_C	5MRE_C
5MRF_d	5MRE_d
5MRF_D	5MRE_D
5MRF_E	5MRE_E
5MRE_EE	5MRE_EE
5MRE_FF	5MRE_FF
5MRF_G	5MRE_G
5MRF_J	5MRE_J
5MRE_KK	5MRE_KK
5MRE_M	5MRE_M
5MRE_N	5MRE_N
5MRC_OO	5MRE_OO
5MRC_T	5MRE_T
5MRC_TT	5MRE_TT
5MRF_VV	5MRE_VV
5MRF_WW	5MRE_WW
5MRC_X	5MRE_X
5MRC_Z	5MRE_Z
5MRC_1	5MRF_1
5MRF_33	5MRF_33
5MRF_55	5MRF_55
5MRF_66	5MRF_66
5MRF_B	5MRF_B
5MRF_c	5MRF_c
5MRE_HH	5MRF_HH
5MRF_I	5MRF_I
5MRE_JJ	5MRF_JJ
5MRC_LL	5MRF_LL
5MRC_NN	5MRF_NN
5MRE_Q	5MRF_Q
5MRC_SS	5MRF_SS
5MRC_U	5MRF_U
5MRF_XX	5MRF_XX
5MRF_YY	5MRF_YY
5MRF_ZZ	5MRF_ZZ
5M1J_U2	5NDW_d0
5IT7_e	5NDW_e0
6T4Q_LW	5OBM_n4
6Q8Y_P	5ON6_B
4V7H_AH	5ON6_X
6LQQ_SZ	5ON6_Z
4D2C_A	5OXO_A
5TBW_7	5TBW_7
5OBM_N5	5TBW_8
6XIR_c	5TBW_AD
5JUP_IA	5TBW_AE
7OLD_Lg	5TBW_AH
5JUO_NA	5TBW_AJ
4V6W_Cj	5TBW_AK
6N8O_x	5TBW_AL
3JBP_Af	5TBW_AN
6XU7_Co	5TBW_AP
5JCS_p	5TBW_AQ
5IT9_a	5TBW_b
5VYC_b6	5TBW_c
4V92_BB	5TBW_C
3JAM_K	5TBW_c0
3JAM_M	5TBW_c2
4V7E_BN	5TBW_c3
6SV4_Eb	5TBW_c5
4UER_V	5TBW_c7
3J6Y_19	5TBW_c9
4V7E_CA	5TBW_CD
4V6I_BC	5TBW_CE
6UZ7_AC	5TBW_CF
5MC6_BI	5TBW_CG
4V7R_BF	5TBW_CH
6SNT_m	5TBW_CI
5JUT_N	5TBW_CL
5FL8_M	5TBW_CO
6N8N_a	5TBW_CP
6XIQ_O	5TBW_CQ
7R81_S1	5TBW_CS
6Z6J_LR	5TBW_CT
5NDW_N0	5TBW_CU
6YLY_T	5TBW_CV
6T4Q_LU	5TBW_CW
6W6L_W	5TBW_CX
4V92_BC	5TBW_D
3J6Y_20	5TBW_d0
7R81_W2	5TBW_d1
4V3P_SL	5TBW_d3
6LQQ_SZ	5TBW_d4
5MEI_d5	5TBW_d5
6R5Q_FF	5TBW_d8
5JUT_AC	5TBW_d9
4V7R_BX	5TBW_DA
5H4P_Z	5TBW_DB
6RZZ_N	5TBW_DC
6N8J_o	5TBW_DD
6N8L_e	5TBW_DG
6N8J_f	5TBW_DH
4V8T_h	5TBW_DJ
5T62_y	5TBW_DN
6UZ7_e	5TBW_e0
5TBW_e1	5TBW_e1
4U4Y_e1	5TBW_g
6FYX_F	5TBW_G
4V6I_Aa	5TBW_h
4U3U_s6	5TBW_H
5TBW_i	5TBW_i
5WYJ_SI	5TBW_I
7NRD_SV	5TBW_J
7RR5_SL	5TBW_M
4V6I_BH	5TBW_p
6QZP_SO	5TBW_P
5MEI_p0	5TBW_p0
5APO_H	5TBW_q
4V7R_AJ	5TBW_R
5NDW_c7	5TBW_S
6Q8Y_P	5TBW_s0
7O7Y_Ad	5TBW_s4
5JUU_GB	5TBW_s9
5TBW_sM	5TBW_sM
6T7I_LL	5TBW_t
4V3P_SM	5TBW_T
6XIQ_P	5TBW_x
4V7H_AH	5TBW_X
3J6Y_20	5TGA_d0
5TBW_sM	5TGA_sM
6SV4_Eb	5TGM_c5
6GQV_AF	5TGM_C5
6N8J_f	5TGM_O3
5TGM_p0	5TGM_p0
5TT2_C	5TSU_B
5VF3_a	5VF3_a
5VF3_A	5VF3_H
5VF3_T	5VF3_S
5VF3_Z	5VF3_Z
5WYJ_AE	5WYJ_AE
6ZQB_UM	5WYK_BC
5WYJ_MC	5WYK_MC
5Z62_G	5Z62_G
5XTH_4	5Z62_H
5Z62_J	5Z62_J
5Z62_M	5Z62_M
5Z62_N	5Z62_N
6AGF_A	6AGF_A
6J8J_B	6AGF_B
6B87_A	6B87_A
6B87_A	6B87_D
6BTM_A	6BTM_A
6BTM_B	6BTM_B
6BTM_C	6BTM_C
6BTM_D	6BTM_D
6BTM_E	6BTM_E
6BTM_F	6BTM_F
6BZB_A	6BZB_B
6BZB_A	6BZC_A
6CMV_A	6CMV_B
6CMV_A	6CMV_F
6CYT_C	6CYT_C
6E9C_A	6E8J_A
6E9C_A	6E9C_A
6E9N_A	6E9N_B
6EEN_A	6EEN_D
6EGC_A	6EGC_A
6EI3_A	6EI3_A
7NJ5_A	6EVJ_D
6GZ9_A	6EXS_A
6EML_p	6FAI_h
6Y7C_i	6FAI_i
6FAI_j	6FAI_j
6Y7C_t	6FAI_k
6EML_r	6FAI_l
7R81_W2	6FAI_V
4D2C_A	6FMR_A
6GQ1_AW	6GQ1_AW
7OLD_C	6GQ1_AZ
5MC6_BI	6GQ1_D
5FL8_M	6GQ1_M
6GQB_P2	6GQ1_P2
6YLY_T	6GQ1_T
6GQ1_AW	6GQB_AW
6SNT_m	6GQB_F
6XIQ_O	6GQB_O
6GQB_P2	6GQB_P2
6Z6J_LR	6GQB_R
6UZ7_AC	6GQV_C
6GS7_A	6GS1_A
6GS7_A	6GS4_A
4V7H_AB	6GSM_A
5XYI_c	6GSM_c
5IT9_f	6GSM_f
6GSM_i	6GSM_i
6GSN_j	6GSM_j
6GSN_l	6GSM_l
4UER_F	6GSM_m
6GSN_o	6GSM_o
6QZP_SO	6GSM_O
6GSM_p	6GSM_p
6GSN_q	6GSM_q
3JAQ_s	6GSM_r
3J6Y_19	6GSM_T
6GSN_i	6GSN_i
6GSN_j	6GSN_j
6GSM_p	6GSN_p
6GSN_q	6GSN_q
6GZ9_A	6HZP_A
6I4U_B	6I4R_B
5NDW_c7	6I7O_G
5MEI_d5	6I7O_K
4U3U_s6	6I7O_T
5WYJ_SI	6I7O_U
7RR5_SL	6I7O_X
4V6I_BH	6I7O_XA
5JUO_NA	6I7O_XC
5JUP_IA	6I7O_YC
6IWW_A	6IVA_A
6IWW_B	6IVA_F
6IWW_B	6IWW_B
6IWW_A	6IWW_E
6J3Y_12	6J3Y_34
6J3Y_M	6J3Y_M
6J40_W	6J3Y_w
6J3Z_Y	6J3Y_y
6KAC_K	6J3Z_K
6J40_W	6J3Z_W
6J3Y_M	6J40_m
6J3Z_U	6J40_U
6J8E_A	6J8H_A
6J8J_B	6J8H_B
6J8I_C	6J8J_C
6JI1_A	6JKD_A
6JLU_19	6JLU_10
6J40_E	6JLU_e
6JLU_g	6JLU_G
6JLU_q	6JLU_q
6J3Z_V	6JLU_V
6JLU_w	6JLU_W
6J3Z_X	6JLU_x
6JLU_y	6JLU_Y
6JW2_A	6JW0_B
6VA0_A	6JYU_A
6K73_B	6K73_B
6KAD_F	6KAC_f
6KAD_H	6KAC_h
6JLU_i	6KAC_I
6KAC_J	6KAC_j
6KAC_M	6KAC_m
7E0J_Y	6KAC_n
6KAC_O	6KAC_o
6KAC_p	6KAC_p
6KAC_q	6KAC_q
6KAF_r	6KAC_r
6KAD_S	6KAC_s
6KAD_S	6KAC_S
6KAC_u	6KAC_u
6KAC_u	6KAC_U
6KAF_Y	6KAC_V
6KAC_W	6KAC_W
6KAC_X	6KAC_x
6KAC_Z	6KAC_Z
6KAD_F	6KAD_F
6KAD_H	6KAD_H
6KAF_r	6KAD_R
6KAF_Y	6KAD_V
6KAC_W	6KAD_W
6KAF_J	6KAF_J
6KAC_M	6KAF_M
6KAC_X	6KAF_X
6KAC_Z	6KAF_Z
6KKK_A	6KKK_B
6KKK_A	6KKL_A
6L87_A	6L87_A
6LKL_A	6LKG_A
6LKG_B	6LKG_D
6LKG_B	6LKH_C
6LKG_B	6LKI_B
6M2L_A	6M20_B
6OL7_D	6OL7_J
6OL7_B	6OL7_N
6ZQB_DS	6Q8Y_H
5TBW_e1	6Q8Y_N
5JUU_GB	6Q8Y_W
6Q8Y_z	6Q8Y_z
6ZQD_JL	6RBD_y
6S44_A	6S44_A
6S44_A	6S44_A
6S47_Bi	6S47_Bi
6S4M_A	6S4M_A
6S4M_A	6S4M_A
6S7V_A	6S7V_A
6S7V_A	6S7V_A
6TMF_W	6SKF_Az
4V4N_AD	6SKF_BE
6SKG_BK	6SKF_BK
6SKF_Bc	6SKG_Bc
6SKG_Bf	6SKG_Bf
6SKG_Bo	6SKG_Bo
6SKG_Bp	6SKG_Bp
6SKG_Bq	6SKG_Bq
6SV4_e	6SNT_a
6UZ7_A	6SNT_A
7RR5_LX	6SNT_as
7RR5_LW	6SNT_at
5JUU_Z	6SNT_au
3JAM_K	6SNT_K
3JAM_M	6SNT_M
6SNT_NC	6SNT_NC
6SV4_Eb	6SNT_P
3J6Y_20	6SNT_U
6FYY_Z	6SNT_Z
6T1Z_A	6T1Z_A
6T1Z_A	6T1Z_A
6RZZ_N	6T4Q_La
6N8J_o	6T4Q_Lb
4V6I_BC	6T4Q_LB
6UZ7_AC	6T4Q_LC
5JUP_IA	6T4Q_Ld
5MC6_BI	6T4Q_LD
6N8L_e	6T4Q_Le
4V7R_BF	6T4Q_LE
6N8J_f	6T4Q_Lf
6SNT_m	6T4Q_LF
7OLD_Lg	6T4Q_Lg
4V6I_BH	6T4Q_LG
4V8T_h	6T4Q_Lh
5APO_H	6T4Q_LH
5JUO_NA	6T4Q_Li
5JUT_N	6T4Q_LI
6N8O_x	6T4Q_Lk
5T62_y	6T4Q_Ll
6T7I_LL	6T4Q_LL
3JBP_Af	6T4Q_Lm
5FL8_M	6T4Q_LM
6XIQ_O	6T4Q_LO
5JCS_p	6T4Q_Lp
6XIQ_P	6T4Q_LP
7R81_S1	6T4Q_LQ
6Z6J_LR	6T4Q_LR
5NDW_N0	6T4Q_LS
6YLY_T	6T4Q_LT
6T4Q_LU	6T4Q_LU
6T4Q_LW	6T4Q_LW
5OBM_N5	6T4Q_LX
4V7R_BX	6T4Q_LY
5H4P_Z	6T4Q_LZ
5IT9_a	6T4Q_Sa
6Q8Y_P	6T4Q_SA
6XIQ_r	6T4Q_SB
4V92_BC	6T4Q_SC
5JUT_AC	6T4Q_Sd
4BSZ_A	6T4Q_SD
6UZ7_e	6T4Q_Se
4U4Y_e1	6T4Q_Sf
6FYX_F	6T4Q_SF
4U3U_s6	6T4Q_SG
5WYJ_SI	6T4Q_SH
7NRD_SV	6T4Q_SI
5JUU_GB	6T4Q_SJ
6T7T_SK	6T4Q_SK
7RR5_SL	6T4Q_SL
6GSM_M	6T4Q_SM
6QZP_SO	6T4Q_SO
6GQV_AF	6T4Q_SP
4V7R_AJ	6T4Q_SQ
5NDW_c7	6T4Q_SR
3J6Y_19	6T4Q_ST
5M1J_U2	6T4Q_SU
7R81_W2	6T4Q_SV
6LQQ_SZ	6T4Q_SY
7NRC_SK	6T4Q_SZ
7RR5_LW	6T83_H
6W1W_B	6T8D_X
4BSZ_A	6TB3_A
6WOO_q	6TB3_BT
6TB3_BW	6TB3_BW
6GSM_M	6TB3_D
6TGB_A	6TGB_A
7DPA_C	6TGB_B
5JB3_B	6TH6_Ab
5JB3_Z	6TH6_Ac
6TH6_Ad	6TH6_Ad
6SKG_Ae	6TH6_Ae
6SW9_E	6TH6_Af
6SW9_F	6TH6_Ag
6SW9_G	6TH6_Ah
6SW9_I	6TH6_Aj
6SW9_J	6TH6_Ak
6SW9_K	6TH6_Al
6SW9_L	6TH6_Am
5JB3_N	6TH6_Ao
6SKF_Ap	6TH6_Ap
6SKF_Aq	6TH6_Aq
5JBH_P	6TH6_Ar
6SKF_As	6TH6_As
5JBH_S	6TH6_At
6SKF_Au	6TH6_Au
6SKF_Ax	6TH6_Ax
4V6U_AX	6TH6_Ay
6SWC_C	6TH6_Az
6SKF_Ba	6TH6_Ba
6SKF_Bc	6TH6_Bc
4V4N_AB	6TH6_BC
4V6U_Bb	6TH6_Bd
6SKF_BD	6TH6_BD
6SKF_Be	6TH6_Be
4V4N_AD	6TH6_BE
4V6U_BE	6TH6_BF
6SKF_Bg	6TH6_Bg
4V4N_AF	6TH6_BG
6SKF_Bh	6TH6_Bh
6SKF_Bi	6TH6_Bi
6SKF_Bj	6TH6_Bj
6TH6_BJ	6TH6_BJ
6SKF_Bk	6TH6_Bk
4V6U_Bj	6TH6_Bl
6SKG_BL	6TH6_BL
6SKG_BM	6TH6_BN
4V6U_BL	6TH6_BO
6SKG_BP	6TH6_BP
6SKG_BQ	6TH6_BQ
6SKG_BR	6TH6_BR
6SKG_BS	6TH6_BS
6SKG_BT	6TH6_BT
6SKG_BU	6TH6_BU
6SKG_BV	6TH6_BV
6SKF_BW	6TH6_BW
4V4N_AU	6TH6_BX
6SKF_BY	6TH6_BY
4V4N_AW	6TH6_BZ
5EQG_A	6THA_A
6TNU_BT	6TNU_BT
6T7T_SK	6TNU_C
5GAK_q	6TNU_eI
7NRC_SK	6TNU_K
4U4Y_e1	6TNU_N
6U8Y_a	6U8Y_A
6U8Y_b	6U8Y_b
6U8Y_c	6U8Y_C
6U8Y_d	6U8Y_d
6U8Y_e	6U8Y_E
6U8Y_g	6U8Y_g
6U8Y_h	6U8Y_h
6U8Y_j	6U8Y_J
6U8Y_k	6U8Y_k
6U8Y_l	6U8Y_l
6U8Y_m	6U8Y_M
6U8Y_n	6U8Y_N
6U8Y_x	6U8Y_X
4PDR_A	6UFE_A
6LAR_G	6UMM_A
6UMM_B	6UMM_C
6SGW_A	6UMM_D
6UMM_E	6UMM_J
2Y5Y_A	6VBG_B
6VNW_H	6VBU_0
6VOA_D	6VBU_1
6VNW_B	6VBU_2
6VNW_E	6VBU_4
6VNW_G	6VBU_5
6VNW_C	6VBU_7
6VNW_F	6VBU_8
6XT9_I	6VBU_9
6VNW_H	6VBV_0
2H57_B	6VBV_3
6VNW_E	6VBV_4
6VNW_C	6VBV_7
6VNW_G	6VOA_G
6OOP_A	6VRZ_A
6OOP_A	6VRZ_A
6VVO_A	6VVO_A
6VVO_B	6VVO_B
6VVO_C	6VVO_C
6VVO_D	6VVO_D
6VVO_E	6VVO_E
4V4B_AN	6WDR_d
6WDR_Q	6WDR_Q
4V8Z_CV	6WOO_1
4V7H_AB	6WOO_AA
4V92_BB	6WOO_BB
5IT7_e	6WOO_ee
6WOO_ff	6WOO_ff
5JUT_N	6WOO_I
6T7I_LL	6WOO_L
6XIQ_P	6WOO_P
6WOO_PP	6WOO_PP
6GQB_P0	6WOO_r
6ZQB_DS	6WOO_SS
4V7H_AJ	6WOO_UU
6Q8Y_AE	6WOO_W
5OBM_N5	6WOO_X
5H4P_Z	6WOO_Z
5MEI_d5	6WOO_ZZ
6VOA_D	6XT9_A
6XT9_I	6XT9_I
6XT9_J	6XT9_J
6FAI_j	6Y7C_j
6YKP_A	6YKR_B
1IZL_A	6YP7_A
1IZL_L	6YP7_B
2AXT_C	6YP7_C
6KAF_E	6YP7_E
6JLU_F	6YP7_F
6YP7_H	6YP7_H
6JLU_i	6YP7_I
7VD5_j	6YP7_J
5H2F_l	6YP7_L
3JCU_M	6YP7_M
5ZJI_Z	6YP7_n
6YP7_o	6YP7_O
6YP7_R	6YP7_R
6YP7_S	6YP7_S
7OUI_T	6YP7_T
7OUI_X	6YP7_X
5XNM_Z	6YP7_Z
6Z6K_C5	6Z6J_C5
6Z6K_C5	6Z6K_C5
6ZCE_j	6ZCE_j
6FYX_o	6ZCE_o
6FYX_r	6ZCE_r
6ZGU_A	6ZGS_A
6ZGU_A	6ZGT_A
6ZU9_q	6ZU9_q
6GQV_AF	7A1G_E
5M1J_U2	7A1G_K
4V6I_Aa	7A1G_O
7A1G_z	7A1G_z
7AAQ_A	7AAQ_A
7PUA_CE	7AOR_a
6HIV_DB	7AOR_ab
7AOR_ac	7AOR_ac
7AOR_ad	7AOR_ad
7AOR_af	7AOR_af
7AOR_ai	7AOR_ai
7AOR_ak	7AOR_ak
6SGA_DL	7AOR_al
7AOR_ao	7AOR_ao
7AOR_ap	7AOR_ap
7AOR_as	7AOR_as
7AOR_at	7AOR_at
6SG9_DT	7AOR_au
6SG9_DW	7AOR_ax
7AOR_ay	7AOR_ay
7AOR_ba	7AOR_ba
7AOR_bb	7AOR_bb
7AOR_bc	7AOR_bc
7ANE_bd	7AOR_bd
6SGB_CI	7AOR_d
6SGB_CJ	7AOR_e
7AOR_l	7AOR_l
7AOR_p	7AOR_p
6HIV_Cj	7AOR_t
7AOR_u	7AOR_u
7ANE_v	7AOR_v
7AOR_x	7AOR_x
7AOR_y	7AOR_y
6HIV_Cv	7AOR_z
7B3K_A	7B3J_A
6FYX_F	7B7D_B
6N8L_e	7B7D_La
6RZZ_N	7B7D_LW
6XIQ_r	7B7D_Q
7BC6_A	7BC6_A
7BP3_B	7BP3_B
7CYN_C	7C76_B
7CX2_R	7CX2_R
7CYN_B	7CYN_A
7D5P_A	7D5P_B
7D5P_A	7D5Q_B
4W6X_B	7D5Q_C
7DGU_A	7DGU_A
4GZL_A	7DPA_B
7DPA_C	7DPA_C
7DPA_D	7DPA_D
7E6I_A	7E6H_A
7E6I_A	7E6I_A
7K36_B	7K36_B
7K36_B	7K36_G
7K36_H	7K36_H
7K36_I	7K36_I
7M5F_A	7M5F_A
7M5F_C	7M5F_C
7MQ9_LH	7MQ8_LH
7MQA_LI	7MQ8_LI
7MQ9_LJ	7MQ8_LJ
7MQ9_LP	7MQ8_LP
7MQ9_LT	7MQ8_LT
7MQA_LU	7MQ8_LU
7MQA_LZ	7MQ8_LZ
7MQ8_NC	7MQ8_NC
7MQA_ND	7MQ8_ND
7MQ8_NE	7MQ8_NE
7MQ8_NJ	7MQ8_NK
7MQ8_NN	7MQ8_NN
7MQ8_NW	7MQ8_NW
7MQ8_NY	7MQ8_NY
7MQ9_SA	7MQ8_SA
7MQ9_SI	7MQ8_SI
7MQ9_SL	7MQ8_SL
7MQA_SU	7MQ8_SU
7MQ9_SZ	7MQ8_SZ
7MQA_L3	7MQ9_L3
7MQ9_LN	7MQ9_LN
7MQ9_LO	7MQ9_LO
7MQ8_LR	7MQ9_LR
7MQA_LW	7MQ9_LW
7MQ8_NE	7MQ9_NE
7MQ8_NJ	7MQ9_NJ
7MQ8_NN	7MQ9_NN
7MQ8_NW	7MQ9_NW
7MQ8_NY	7MQ9_NY
7MQ9_SB	7MQ9_SB
7MQ9_SC	7MQ9_SD
7MQ9_SH	7MQ9_SH
7MQA_SM	7MQ9_SM
7MQA_SQ	7MQ9_SQ
7MQ8_SY	7MQ9_SY
7MQA_L3	7MQA_L3
7MQ9_LH	7MQA_LH
7MQA_LI	7MQA_LI
7MQ9_LJ	7MQA_LJ
7MQ9_LK	7MQA_LL
7MQ8_LM	7MQA_LM
7MQ9_LN	7MQA_LN
7MQ9_LO	7MQA_LO
7MQ9_LP	7MQA_LP
7MQ9_LQ	7MQA_LQ
7MQ8_LR	7MQA_LR
7MQ9_LS	7MQA_LS
7MQ9_LT	7MQA_LT
7MQA_LU	7MQA_LU
7MQA_LW	7MQA_LW
7MQA_LY	7MQA_LY
7MQA_LZ	7MQA_LZ
7MQA_NA	7MQA_NA
7MQA_NB	7MQA_NB
7MQA_ND	7MQA_ND
7MQ8_NH	7MQA_NH
7MQ8_NI	7MQA_NI
7MQ9_NM	7MQA_NM
7MQA_NS	7MQA_NS
7MQA_NV	7MQA_NV
7MQ9_SA	7MQA_SA
7MQ9_SB	7MQA_SB
7MQ9_SC	7MQA_SD
7MQ8_SG	7MQA_SG
7MQ9_SH	7MQA_SH
7MQ9_SI	7MQA_SI
7MQ9_SL	7MQA_SL
7MQA_SM	7MQA_SM
7MQA_SP	7MQA_SP
7MQA_SQ	7MQA_SQ
7MQA_SS	7MQA_SS
7MQA_ST	7MQA_ST
7MQA_SU	7MQA_SU
7MQ8_SW	7MQA_SW
7MQ8_SY	7MQA_SY
7MQ9_SZ	7MQA_SZ
7SA3_E	7N8O_E
7RCV_J	7N8O_J
7N8O_M	7N8O_m
7N8O_O	7N8O_o
7N8O_Q	7N8O_q
7N8O_R	7N8O_R
6WJ6_T	7N8O_T
7N8O_U	7N8O_u
7N8O_V	7N8O_v
6WJ6_X	7N8O_X
7N8O_Y	7N8O_Y
7N98_A	7N98_A
7NQK_B	7NQK_B
7NRC_A	7NRC_A
7NRC_So	7NRC_So
7NS4_b	7NS4_b
7NS3_9	7NS4_i
4FM0_A	7OM3_A
7OLC_LK	7OSA_uL11
5MDX_F	7OUI_F
5XNM_H	7OUI_H
6YP7_k	7OUI_K
5XNM_s	7OUI_S
7P2P_A	7P2P_A
7P2Q_B	7P2P_B
7P2P_A	7P2Q_A
7P2Q_C	7P2Q_C
7P2Q_D	7P2Q_D
7PMX_A	7PMX_A
7PMY_A	7PMY_A
7PMX_A	7PN1_A
7Q0M_A	7Q0M_A
7SA3_E	7RCV_E
7N8O_M	7RCV_m
7N8O_U	7RCV_u
7N8O_V	7RCV_V
6WJ6_X	7RCV_X
7N8O_Y	7RCV_y
6FYY_Z	7RR5_SZ
7RR5_T	7RR5_T
7SP5_B	7SP5_A
7SP5_B	7SP5_B
7VD5_19	7VD5_19
7VD5_40	7VD5_20
7VD5_32	7VD5_31
7VD5_36	7VD5_36
7VD5_e	7VD5_E
6J3Y_H	7VD5_H
7VD5_j	7VD5_j
7VD5_M	7VD5_M
6JLU_O	7VD5_o
6J40_Q	7VD5_Q
7OUI_T	7VD5_T
6J3Z_U	7VD5_u
6J3Z_V	7VD5_V
7VD5_w	7VD5_W
6J3Z_X	7VD5_x
6J3Z_Y	7VD5_Y
6J40_Z	7VD5_z
